"0","lmodel <- lm( AdoptionSpeed ~. , data = pet)"
"0","summary(lmodel)"
"1","
Call:
"
"1",""
"1","lm(formula = AdoptionSpeed ~ ., data = pet)"
"1",""
"1","

"
"1",""
"1","Residuals:
"
"1","    Min "
"1","     1Q "
"1"," Median "
"1","     3Q "
"1","    Max "
"1","
"
"1","-3.4840 "
"1","-0.8548 "
"1","-0.0183 "
"1"," 0.9165 "
"1"," 2.6392 "
"1","
"
"1","
Coefficients:
"
"1","             "
"1","   Estimate"
"1"," Std. Error"
"1"," t value"
"1"," Pr(>|t|)"
"1","    "
"1","
(Intercept)  "
"1","  3.3618878"
"1","  0.5036166"
"1","   6.675"
"1"," 2.55e-11"
"1"," ***"
"1","
Type2        "
"1","  0.4639955"
"1","  0.3525512"
"1","   1.316"
"1"," 0.188158"
"1","    "
"1","
Age          "
"1","  0.0085378"
"1","  0.0006220"
"1","  13.727"
"1","  < 2e-16"
"1"," ***"
"1","
Breed11      "
"1","  0.6298870"
"1","  0.9313564"
"1","   0.676"
"1"," 0.498853"
"1","    "
"1","
Breed13      "
"1","  1.0410627"
"1","  1.2183282"
"1","   0.855"
"1"," 0.392841"
"1","    "
"1","
Breed15      "
"1"," -0.8654574"
"1","  0.9314931"
"1","  -0.929"
"1"," 0.352848"
"1","    "
"1","
Breed17      "
"1","  0.1554109"
"1","  1.2196247"
"1","   0.127"
"1"," 0.898606"
"1","    "
"1","
Breed110     "
"1"," -0.8832488"
"1","  0.8139658"
"1","  -1.085"
"1"," 0.277887"
"1","    "
"1","
Breed111     "
"1","  1.2965048"
"1","  0.9320037"
"1","   1.391"
"1"," 0.164218"
"1","    "
"1","
Breed115     "
"1"," -0.4140867"
"1","  0.6199308"
"1","  -0.668"
"1"," 0.504172"
"1","    "
"1","
Breed116     "
"1","  0.3823940"
"1","  1.2180674"
"1","   0.314"
"1"," 0.753575"
"1","    "
"1","
Breed117     "
"1"," -0.2515684"
"1","  0.6763387"
"1","  -0.372"
"1"," 0.709931"
"1","    "
"1","
Breed118     "
"1"," -0.2268787"
"1","  0.6758877"
"1","  -0.336"
"1"," 0.737121"
"1","    "
"1","
Breed119     "
"1"," -1.4780771"
"1","  0.6232468"
"1","  -2.372"
"1"," 0.017725"
"1"," *  "
"1","
Breed120     "
"1"," -1.3758929"
"1","  0.5151619"
"1","  -2.671"
"1"," 0.007575"
"1"," ** "
"1","
Breed121     "
"1"," -0.5458887"
"1","  1.2481793"
"1","  -0.437"
"1"," 0.661865"
"1","    "
"1","
Breed123     "
"1"," -1.9434568"
"1","  1.2201955"
"1","  -1.593"
"1"," 0.111239"
"1","    "
"1","
Breed124     "
"1"," -1.8221304"
"1","  0.9317556"
"1","  -1.956"
"1"," 0.050532"
"1"," .  "
"1","
Breed125     "
"1"," -0.2657264"
"1","  0.8270703"
"1","  -0.321"
"1"," 0.747998"
"1","    "
"1","
Breed126     "
"1"," -1.1335744"
"1","  0.5469329"
"1","  -2.073"
"1"," 0.038227"
"1"," *  "
"1","
Breed131     "
"1"," -0.6716333"
"1","  0.6370423"
"1","  -1.054"
"1"," 0.291763"
"1","    "
"1","
Breed132     "
"1"," -0.9430957"
"1","  0.8137636"
"1","  -1.159"
"1"," 0.246503"
"1","    "
"1","
Breed139     "
"1"," -0.8444133"
"1","  0.5470158"
"1","  -1.544"
"1"," 0.122689"
"1","    "
"1","
Breed142     "
"1"," -1.0470716"
"1","  0.7062391"
"1","  -1.483"
"1"," 0.138201"
"1","    "
"1","
Breed144     "
"1"," -0.6435060"
"1","  0.6121740"
"1","  -1.051"
"1"," 0.293192"
"1","    "
"1","
Breed149     "
"1"," -0.8955772"
"1","  0.5732171"
"1","  -1.562"
"1"," 0.118222"
"1","    "
"1","
Breed150     "
"1"," -0.7986096"
"1","  0.5953198"
"1","  -1.341"
"1"," 0.179785"
"1","    "
"1","
Breed156     "
"1","  0.1629469"
"1","  1.2182870"
"1","   0.134"
"1"," 0.893601"
"1","    "
"1","
Breed158     "
"1"," -1.3639707"
"1","  0.9325709"
"1","  -1.463"
"1"," 0.143600"
"1","    "
"1","
Breed160     "
"1"," -1.1790537"
"1","  0.5339044"
"1","  -2.208"
"1"," 0.027234"
"1"," *  "
"1","
Breed161     "
"1"," -3.5980086"
"1","  1.2180463"
"1","  -2.954"
"1"," 0.003143"
"1"," ** "
"1","
Breed164     "
"1"," -0.0475616"
"1","  1.2178469"
"1","  -0.039"
"1"," 0.968848"
"1","    "
"1","
Breed165     "
"1"," -2.0770265"
"1","  0.8149884"
"1","  -2.549"
"1"," 0.010828"
"1"," *  "
"1","
Breed169     "
"1"," -1.3631843"
"1","  0.5313150"
"1","  -2.566"
"1"," 0.010307"
"1"," *  "
"1","
Breed170     "
"1"," -1.6532355"
"1","  0.5922647"
"1","  -2.791"
"1"," 0.005255"
"1"," ** "
"1","
Breed171     "
"1"," -0.0543421"
"1","  0.9318321"
"1","  -0.058"
"1"," 0.953497"
"1","    "
"1","
Breed172     "
"1"," -1.2417879"
"1","  0.5774196"
"1","  -2.151"
"1"," 0.031525"
"1"," *  "
"1","
Breed175     "
"1"," -1.2655378"
"1","  0.5436340"
"1","  -2.328"
"1"," 0.019930"
"1"," *  "
"1","
Breed176     "
"1"," -0.9119752"
"1","  0.5321339"
"1","  -1.714"
"1"," 0.086585"
"1"," .  "
"1","
Breed178     "
"1"," -1.0139568"
"1","  0.5211307"
"1","  -1.946"
"1"," 0.051711"
"1"," .  "
"1","
Breed181     "
"1"," -2.0278325"
"1","  1.2175250"
"1","  -1.666"
"1"," 0.095827"
"1"," .  "
"1","
Breed182     "
"1"," -2.0250546"
"1","  0.7081984"
"1","  -2.859"
"1"," 0.004250"
"1"," ** "
"1","
Breed183     "
"1"," -1.7571080"
"1","  0.6238708"
"1","  -2.816"
"1"," 0.004862"
"1"," ** "
"1","
Breed185     "
"1"," -1.0050771"
"1","  1.2181264"
"1","  -0.825"
"1"," 0.409328"
"1","    "
"1","
Breed188     "
"1"," -0.0461581"
"1","  0.9318171"
"1","  -0.050"
"1"," 0.960493"
"1","    "
"1","
Breed193     "
"1","  1.0090074"
"1","  1.2185797"
"1","   0.828"
"1"," 0.407673"
"1","    "
"1","
Breed197     "
"1"," -0.0921888"
"1","  0.8139853"
"1","  -0.113"
"1"," 0.909829"
"1","    "
"1","
Breed198     "
"1"," -1.0007124"
"1","  0.9320172"
"1","  -1.074"
"1"," 0.282972"
"1","    "
"1","
Breed199     "
"1"," -2.3190477"
"1","  1.2191960"
"1","  -1.902"
"1"," 0.057176"
"1"," .  "
"1","
Breed1100    "
"1"," -1.6731616"
"1","  0.7486649"
"1","  -2.235"
"1"," 0.025441"
"1"," *  "
"1","
Breed1102    "
"1"," -0.6233609"
"1","  0.6756940"
"1","  -0.923"
"1"," 0.356257"
"1","    "
"1","
Breed1103    "
"1"," -1.0657825"
"1","  0.5140827"
"1","  -2.073"
"1"," 0.038173"
"1"," *  "
"1","
Breed1105    "
"1"," -0.8297991"
"1","  0.7480487"
"1","  -1.109"
"1"," 0.267325"
"1","    "
"1","
Breed1108    "
"1"," -1.5128681"
"1","  0.9328707"
"1","  -1.622"
"1"," 0.104882"
"1","    "
"1","
Breed1109    "
"1"," -1.2716520"
"1","  0.5102498"
"1","  -2.492"
"1"," 0.012706"
"1"," *  "
"1","
Breed1111    "
"1"," -1.8106091"
"1","  0.6838678"
"1","  -2.648"
"1"," 0.008115"
"1"," ** "
"1","
Breed1114    "
"1"," -0.3845102"
"1","  0.8124442"
"1","  -0.473"
"1"," 0.636023"
"1","    "
"1","
Breed1117    "
"1"," -0.7073725"
"1","  0.6028520"
"1","  -1.173"
"1"," 0.240664"
"1","    "
"1","
Breed1119    "
"1"," -1.0752177"
"1","  0.5342365"
"1","  -2.013"
"1"," 0.044172"
"1"," *  "
"1","
Breed1122    "
"1"," -0.7827522"
"1","  0.8157305"
"1","  -0.960"
"1"," 0.337286"
"1","    "
"1","
Breed1123    "
"1","  0.7241011"
"1","  1.2191371"
"1","   0.594"
"1"," 0.552558"
"1","    "
"1","
Breed1125    "
"1"," -1.5093754"
"1","  1.2178634"
"1","  -1.239"
"1"," 0.215231"
"1","    "
"1","
Breed1128    "
"1"," -0.8561385"
"1","  0.5203452"
"1","  -1.645"
"1"," 0.099923"
"1"," .  "
"1","
Breed1129    "
"1"," -0.9719917"
"1","  0.7484787"
"1","  -1.299"
"1"," 0.194094"
"1","    "
"1","
Breed1130    "
"1"," -0.8560376"
"1","  1.2181354"
"1","  -0.703"
"1"," 0.482226"
"1","    "
"1","
Breed1132    "
"1","  0.1625429"
"1","  0.9321683"
"1","   0.174"
"1"," 0.861576"
"1","    "
"1","
Breed1139    "
"1"," -2.1173077"
"1","  1.2183925"
"1","  -1.738"
"1"," 0.082269"
"1"," .  "
"1","
Breed1141    "
"1"," -0.9349694"
"1","  0.5074631"
"1","  -1.842"
"1"," 0.065431"
"1"," .  "
"1","
Breed1143    "
"1"," -0.2667947"
"1","  1.2181524"
"1","  -0.219"
"1"," 0.826641"
"1","    "
"1","
Breed1145    "
"1"," -1.7565935"
"1","  0.9324001"
"1","  -1.884"
"1"," 0.059592"
"1"," .  "
"1","
Breed1146    "
"1"," -0.2175483"
"1","  1.2184079"
"1","  -0.179"
"1"," 0.858292"
"1","    "
"1","
Breed1147    "
"1"," -1.6405361"
"1","  0.5637952"
"1","  -2.910"
"1"," 0.003622"
"1"," ** "
"1","
Breed1148    "
"1"," -1.5229464"
"1","  0.9312781"
"1","  -1.635"
"1"," 0.102001"
"1","    "
"1","
Breed1150    "
"1"," -0.3208254"
"1","  0.7480791"
"1","  -0.429"
"1"," 0.668027"
"1","    "
"1","
Breed1152    "
"1"," -1.0226515"
"1","  0.5195540"
"1","  -1.968"
"1"," 0.049049"
"1"," *  "
"1","
Breed1154    "
"1","  1.1264247"
"1","  1.2179264"
"1","   0.925"
"1"," 0.355048"
"1","    "
"1","
Breed1155    "
"1"," -0.9325706"
"1","  0.8140463"
"1","  -1.146"
"1"," 0.251980"
"1","    "
"1","
Breed1165    "
"1"," -0.8275597"
"1","  1.2195486"
"1","  -0.679"
"1"," 0.497415"
"1","    "
"1","
Breed1167    "
"1"," -2.2078422"
"1","  0.9324937"
"1","  -2.368"
"1"," 0.017913"
"1"," *  "
"1","
Breed1169    "
"1"," -1.5862621"
"1","  0.5665612"
"1","  -2.800"
"1"," 0.005120"
"1"," ** "
"1","
Breed1173    "
"1"," -0.9120272"
"1","  0.5523354"
"1","  -1.651"
"1"," 0.098715"
"1"," .  "
"1","
Breed1176    "
"1","  0.5811274"
"1","  1.2180038"
"1","   0.477"
"1"," 0.633288"
"1","    "
"1","
Breed1178    "
"1"," -1.2518744"
"1","  0.5553440"
"1","  -2.254"
"1"," 0.024196"
"1"," *  "
"1","
Breed1179    "
"1"," -1.4674806"
"1","  0.5093433"
"1","  -2.881"
"1"," 0.003968"
"1"," ** "
"1","
Breed1182    "
"1"," -1.5924716"
"1","  0.5571413"
"1","  -2.858"
"1"," 0.004265"
"1"," ** "
"1","
Breed1185    "
"1"," -0.5271610"
"1","  0.7057869"
"1","  -0.747"
"1"," 0.455128"
"1","    "
"1","
Breed1187    "
"1"," -0.4129374"
"1","  0.7478276"
"1","  -0.552"
"1"," 0.580832"
"1","    "
"1","
Breed1188    "
"1"," -1.1602965"
"1","  0.9312389"
"1","  -1.246"
"1"," 0.212795"
"1","    "
"1","
Breed1189    "
"1"," -1.3257588"
"1","  0.5158380"
"1","  -2.570"
"1"," 0.010176"
"1"," *  "
"1","
Breed1190    "
"1"," -1.9378039"
"1","  0.7106662"
"1","  -2.727"
"1"," 0.006404"
"1"," ** "
"1","
Breed1192    "
"1"," -0.9120811"
"1","  1.2212667"
"1","  -0.747"
"1"," 0.455177"
"1","    "
"1","
Breed1195    "
"1"," -1.3599234"
"1","  0.5194630"
"1","  -2.618"
"1"," 0.008855"
"1"," ** "
"1","
Breed1197    "
"1"," -1.3894947"
"1","  0.9320446"
"1","  -1.491"
"1"," 0.136035"
"1","    "
"1","
Breed1199    "
"1"," -0.3985342"
"1","  0.9314603"
"1","  -0.428"
"1"," 0.668760"
"1","    "
"1","
Breed1200    "
"1"," -0.6923226"
"1","  0.5775739"
"1","  -1.199"
"1"," 0.230674"
"1","    "
"1","
Breed1201    "
"1","  0.6161080"
"1","  1.2201018"
"1","   0.505"
"1"," 0.613591"
"1","    "
"1","
Breed1202    "
"1"," -0.5210349"
"1","  0.6761233"
"1","  -0.771"
"1"," 0.440944"
"1","    "
"1","
Breed1203    "
"1"," -1.1369516"
"1","  0.8142107"
"1","  -1.396"
"1"," 0.162620"
"1","    "
"1","
Breed1204    "
"1"," -0.7376602"
"1","  0.8136221"
"1","  -0.907"
"1"," 0.364613"
"1","    "
"1","
Breed1205    "
"1"," -1.4341313"
"1","  0.5086305"
"1","  -2.820"
"1"," 0.004815"
"1"," ** "
"1","
Breed1206    "
"1"," -1.3718834"
"1","  0.5492821"
"1","  -2.498"
"1"," 0.012515"
"1"," *  "
"1","
Breed1207    "
"1"," -1.6039775"
"1","  0.5510197"
"1","  -2.911"
"1"," 0.003609"
"1"," ** "
"1","
Breed1212    "
"1","  0.2372942"
"1","  1.2185032"
"1","   0.195"
"1"," 0.845597"
"1","    "
"1","
Breed1213    "
"1"," -0.6783983"
"1","  0.5152315"
"1","  -1.317"
"1"," 0.187964"
"1","    "
"1","
Breed1214    "
"1"," -0.2438362"
"1","  1.2186635"
"1","  -0.200"
"1"," 0.841417"
"1","    "
"1","
Breed1215    "
"1"," -0.4966815"
"1","  0.9324414"
"1","  -0.533"
"1"," 0.594272"
"1","    "
"1","
Breed1217    "
"1","  0.4778328"
"1","  1.2181831"
"1","   0.392"
"1"," 0.694879"
"1","    "
"1","
Breed1218    "
"1"," -0.6919156"
"1","  0.5087154"
"1","  -1.360"
"1"," 0.173812"
"1","    "
"1","
Breed1224    "
"1"," -0.8483065"
"1","  0.8134826"
"1","  -1.043"
"1"," 0.297054"
"1","    "
"1","
Breed1227    "
"1","  0.2500831"
"1","  0.8135386"
"1","   0.307"
"1"," 0.758542"
"1","    "
"1","
Breed1228    "
"1"," -1.7232602"
"1","  1.2178151"
"1","  -1.415"
"1"," 0.157077"
"1","    "
"1","
Breed1231    "
"1"," -1.1634398"
"1","  0.6549836"
"1","  -1.776"
"1"," 0.075706"
"1"," .  "
"1","
Breed1232    "
"1"," -1.0432864"
"1","  0.9328011"
"1","  -1.118"
"1"," 0.263395"
"1","    "
"1","
Breed1233    "
"1"," -1.2435259"
"1","  0.9313430"
"1","  -1.335"
"1"," 0.181833"
"1","    "
"1","
Breed1234    "
"1"," -0.9214752"
"1","  0.9324598"
"1","  -0.988"
"1"," 0.323061"
"1","    "
"1","
Breed1237    "
"1"," -0.3002245"
"1","  0.9314605"
"1","  -0.322"
"1"," 0.747218"
"1","    "
"1","
Breed1239    "
"1"," -0.3255667"
"1","  0.5959956"
"1","  -0.546"
"1"," 0.584898"
"1","    "
"1","
Breed1240    "
"1"," -2.1040487"
"1","  0.7067176"
"1","  -2.977"
"1"," 0.002914"
"1"," ** "
"1","
Breed1241    "
"1"," -0.9711681"
"1","  0.6081151"
"1","  -1.597"
"1"," 0.110284"
"1","    "
"1","
Breed1242    "
"1"," -0.9530146"
"1","  0.6321841"
"1","  -1.507"
"1"," 0.131705"
"1","    "
"1","
Breed1243    "
"1"," -0.9386432"
"1","  0.5822175"
"1","  -1.612"
"1"," 0.106943"
"1","    "
"1","
Breed1244    "
"1"," -1.1723696"
"1","  0.7566936"
"1","  -1.549"
"1"," 0.121323"
"1","    "
"1","
Breed1245    "
"1"," -0.8114766"
"1","  0.9709580"
"1","  -0.836"
"1"," 0.403310"
"1","    "
"1","
Breed1246    "
"1"," -0.4101819"
"1","  0.7961491"
"1","  -0.515"
"1"," 0.606416"
"1","    "
"1","
Breed1247    "
"1"," -1.4792666"
"1","  0.5857780"
"1","  -2.525"
"1"," 0.011570"
"1"," *  "
"1","
Breed1248    "
"1"," -0.5727969"
"1","  0.9708149"
"1","  -0.590"
"1"," 0.555189"
"1","    "
"1","
Breed1249    "
"1"," -0.7201736"
"1","  0.6249952"
"1","  -1.152"
"1"," 0.249222"
"1","    "
"1","
Breed1250    "
"1"," -0.6224972"
"1","  0.6436552"
"1","  -0.967"
"1"," 0.333496"
"1","    "
"1","
Breed1251    "
"1"," -1.6080187"
"1","  0.6018835"
"1","  -2.672"
"1"," 0.007556"
"1"," ** "
"1","
Breed1252    "
"1"," -1.3903512"
"1","  0.6160406"
"1","  -2.257"
"1"," 0.024028"
"1"," *  "
"1","
Breed1253    "
"1"," -0.6574514"
"1","  0.7567392"
"1","  -0.869"
"1"," 0.384973"
"1","    "
"1","
Breed1254    "
"1"," -0.9833733"
"1","  0.5810684"
"1","  -1.692"
"1"," 0.090600"
"1"," .  "
"1","
Breed1256    "
"1"," -0.8093066"
"1","  0.9715785"
"1","  -0.833"
"1"," 0.404869"
"1","    "
"1","
Breed1257    "
"1","  0.3134954"
"1","  1.2480775"
"1","   0.251"
"1"," 0.801676"
"1","    "
"1","
Breed1260    "
"1"," -0.1324980"
"1","  0.9709750"
"1","  -0.136"
"1"," 0.891461"
"1","    "
"1","
Breed1262    "
"1"," -0.5325971"
"1","  0.8582459"
"1","  -0.621"
"1"," 0.534896"
"1","    "
"1","
Breed1263    "
"1"," -0.6255326"
"1","  0.8584903"
"1","  -0.729"
"1"," 0.466232"
"1","    "
"1","
Breed1264    "
"1"," -1.2761735"
"1","  0.5753090"
"1","  -2.218"
"1"," 0.026554"
"1"," *  "
"1","
Breed1265    "
"1"," -1.1292799"
"1","  0.5720239"
"1","  -1.974"
"1"," 0.048380"
"1"," *  "
"1","
Breed1266    "
"1"," -1.0555074"
"1","  0.5711634"
"1","  -1.848"
"1"," 0.064623"
"1"," .  "
"1","
Breed1267    "
"1"," -1.4554140"
"1","  0.8587148"
"1","  -1.695"
"1"," 0.090120"
"1"," .  "
"1","
Breed1268    "
"1"," -1.1182377"
"1","  0.7290122"
"1","  -1.534"
"1"," 0.125074"
"1","    "
"1","
Breed1269    "
"1"," -2.0890303"
"1","  0.9703887"
"1","  -2.153"
"1"," 0.031352"
"1"," *  "
"1","
Breed1270    "
"1"," -0.8307021"
"1","  0.9706897"
"1","  -0.856"
"1"," 0.392130"
"1","    "
"1","
Breed1271    "
"1"," -2.0802212"
"1","  0.8580389"
"1","  -2.424"
"1"," 0.015346"
"1"," *  "
"1","
Breed1272    "
"1"," -1.0596275"
"1","  0.7299948"
"1","  -1.452"
"1"," 0.146647"
"1","    "
"1","
Breed1273    "
"1"," -1.0654267"
"1","  0.7085014"
"1","  -1.504"
"1"," 0.132661"
"1","    "
"1","
Breed1274    "
"1"," -1.0074174"
"1","  0.7567658"
"1","  -1.331"
"1"," 0.183139"
"1","    "
"1","
Breed1276    "
"1"," -1.4803868"
"1","  0.6026115"
"1","  -2.457"
"1"," 0.014037"
"1"," *  "
"1","
Breed1277    "
"1"," -0.9728085"
"1","  0.6930252"
"1","  -1.404"
"1"," 0.160425"
"1","    "
"1","
Breed1279    "
"1","  0.3656043"
"1","  0.8588274"
"1","   0.426"
"1"," 0.670331"
"1","    "
"1","
Breed1280    "
"1"," -2.4430728"
"1","  0.7586494"
"1","  -3.220"
"1"," 0.001283"
"1"," ** "
"1","
Breed1281    "
"1"," -2.5144926"
"1","  0.9707001"
"1","  -2.590"
"1"," 0.009596"
"1"," ** "
"1","
Breed1282    "
"1"," -1.8331933"
"1","  0.6316090"
"1","  -2.902"
"1"," 0.003708"
"1"," ** "
"1","
Breed1283    "
"1"," -0.8074982"
"1","  0.5855136"
"1","  -1.379"
"1"," 0.167876"
"1","    "
"1","
Breed1284    "
"1"," -0.8295474"
"1","  0.7083138"
"1","  -1.171"
"1"," 0.241554"
"1","    "
"1","
Breed1285    "
"1"," -1.5878827"
"1","  0.5762706"
"1","  -2.755"
"1"," 0.005868"
"1"," ** "
"1","
Breed1286    "
"1","  0.5232284"
"1","  1.2479181"
"1","   0.419"
"1"," 0.675017"
"1","    "
"1","
Breed1287    "
"1"," -2.1259364"
"1","  1.2481849"
"1","  -1.703"
"1"," 0.088547"
"1"," .  "
"1","
Breed1288    "
"1"," -1.5724785"
"1","  0.6349585"
"1","  -2.477"
"1"," 0.013279"
"1"," *  "
"1","
Breed1289    "
"1"," -1.6919779"
"1","  0.6111860"
"1","  -2.768"
"1"," 0.005641"
"1"," ** "
"1","
Breed1290    "
"1"," -2.3338302"
"1","  1.2486554"
"1","  -1.869"
"1"," 0.061632"
"1"," .  "
"1","
Breed1292    "
"1"," -1.5008418"
"1","  0.5748723"
"1","  -2.611"
"1"," 0.009044"
"1"," ** "
"1","
Breed1293    "
"1"," -1.8116773"
"1","  0.8584426"
"1","  -2.110"
"1"," 0.034839"
"1"," *  "
"1","
Breed1294    "
"1","  0.1757607"
"1","  0.7963860"
"1","   0.221"
"1"," 0.825331"
"1","    "
"1","
Breed1295    "
"1"," -0.4800335"
"1","  0.6487789"
"1","  -0.740"
"1"," 0.459371"
"1","    "
"1","
Breed1296    "
"1"," -0.2217402"
"1","  0.7566170"
"1","  -0.293"
"1"," 0.769474"
"1","    "
"1","
Breed1297    "
"1"," -1.4812242"
"1","  0.7568071"
"1","  -1.957"
"1"," 0.050343"
"1"," .  "
"1","
Breed1298    "
"1"," -3.4574618"
"1","  1.2490794"
"1","  -2.768"
"1"," 0.005647"
"1"," ** "
"1","
Breed1299    "
"1"," -1.1312019"
"1","  0.5739853"
"1","  -1.971"
"1"," 0.048767"
"1"," *  "
"1","
Breed1300    "
"1"," -1.1770169"
"1","  0.6201331"
"1","  -1.898"
"1"," 0.057715"
"1"," .  "
"1","
Breed1301    "
"1"," -2.6643499"
"1","  0.7570237"
"1","  -3.520"
"1"," 0.000434"
"1"," ***"
"1","
Breed1302    "
"1"," -2.2246317"
"1","  1.2478746"
"1","  -1.783"
"1"," 0.074650"
"1"," .  "
"1","
Breed1303    "
"1"," -1.2744368"
"1","  0.5959524"
"1","  -2.138"
"1"," 0.032494"
"1"," *  "
"1","
Breed1304    "
"1"," -0.5940915"
"1","  0.7088730"
"1","  -0.838"
"1"," 0.402000"
"1","    "
"1","
Breed1305    "
"1"," -0.5802205"
"1","  0.6927739"
"1","  -0.838"
"1"," 0.402307"
"1","    "
"1","
Breed1306    "
"1"," -1.0908370"
"1","  0.5898757"
"1","  -1.849"
"1"," 0.064439"
"1"," .  "
"1","
Breed1307    "
"1"," -0.4102263"
"1","  0.5018342"
"1","  -0.817"
"1"," 0.413682"
"1","    "
"1","
Gender2      "
"1","  0.1004885"
"1","  0.0202664"
"1","   4.958"
"1"," 7.19e-07"
"1"," ***"
"1","
Gender3      "
"1","  0.0912572"
"1","  0.0369332"
"1","   2.471"
"1"," 0.013490"
"1"," *  "
"1","
Color1       "
"1"," -0.0224132"
"1","  0.0057799"
"1","  -3.878"
"1"," 0.000106"
"1"," ***"
"1","
Color2       "
"1"," -0.0074490"
"1","  0.0035402"
"1","  -2.104"
"1"," 0.035385"
"1"," *  "
"1","
Color3       "
"1"," -0.0053581"
"1","  0.0034902"
"1","  -1.535"
"1"," 0.124758"
"1","    "
"1","
MaturitySize2"
"1","  0.0820628"
"1","  0.0240716"
"1","   3.409"
"1"," 0.000653"
"1"," ***"
"1","
MaturitySize3"
"1"," -0.0219568"
"1","  0.0408731"
"1","  -0.537"
"1"," 0.591142"
"1","    "
"1","
MaturitySize4"
"1"," -0.1233767"
"1","  0.2056847"
"1","  -0.600"
"1"," 0.548626"
"1","    "
"1","
FurLength2   "
"1"," -0.0687860"
"1","  0.0225099"
"1","  -3.056"
"1"," 0.002248"
"1"," ** "
"1","
FurLength3   "
"1"," -0.3219427"
"1","  0.0522384"
"1","  -6.163"
"1"," 7.33e-10"
"1"," ***"
"1","
Vaccinated2  "
"1"," -0.1811216"
"1","  0.0278068"
"1","  -6.514"
"1"," 7.58e-11"
"1"," ***"
"1","
Vaccinated3  "
"1"," -0.0459016"
"1","  0.0536702"
"1","  -0.855"
"1"," 0.392425"
"1","    "
"1","
Dewormed2    "
"1","  0.0348969"
"1","  0.0268090"
"1","   1.302"
"1"," 0.193044"
"1","    "
"1","
Dewormed3    "
"1"," -0.0024206"
"1","  0.0541490"
"1","  -0.045"
"1"," 0.964345"
"1","    "
"1","
Sterilized2  "
"1"," -0.4214223"
"1","  0.0268911"
"1"," -15.671"
"1","  < 2e-16"
"1"," ***"
"1","
Sterilized3  "
"1"," -0.1293103"
"1","  0.0395963"
"1","  -3.266"
"1"," 0.001094"
"1"," ** "
"1","
Health2      "
"1","  0.1918360"
"1","  0.0525256"
"1","   3.652"
"1"," 0.000261"
"1"," ***"
"1","
Health3      "
"1","  0.4689231"
"1","  0.1920689"
"1","   2.441"
"1"," 0.014641"
"1"," *  "
"1","
Quantity     "
"1","  0.0599193"
"1","  0.0082750"
"1","   7.241"
"1"," 4.67e-13"
"1"," ***"
"1","
Fee          "
"1","  0.0008362"
"1","  0.0001277"
"1","   6.550"
"1"," 5.95e-11"
"1"," ***"
"1","
VideoAmt     "
"1","  0.0101874"
"1","  0.0269921"
"1","   0.377"
"1"," 0.705867"
"1","    "
"1","
PhotoAmt     "
"1"," -0.0113826"
"1","  0.0027599"
"1","  -4.124"
"1"," 3.74e-05"
"1"," ***"
"1","
"
"1"," [ reached getOption(""max.print"") -- omitted 1 row ]
"
"1","---
Signif. codes:  "
"1",""
"1","0 ‘***’ 0.001 ‘**’ 0.01 ‘*’ 0.05 ‘.’ 0.1 ‘ ’ 1"
"1","
"
"1","
Residual standard error:"
"1"," "
"1","1.109"
"1"," "
"1","on"
"1"," "
"1","14792"
"1"," "
"1","degrees of freedom"
"1","
"
"1","Multiple R-squared: "
"1"," "
"1","0.1239"
"1",",	Adjusted R-squared: "
"1"," "
"1","0.1121"
"1"," "
"1","
F-statistic:"
"1"," "
"1","10.46"
"1"," "
"1","on"
"1"," "
"1","200"
"1"," "
"1","and"
"1"," "
"1","14792"
"1"," "
"1","DF,  p-value:"
"1"," "
"1","< 2.2e-16"
"1","
"
"1","
"
"0","lmodel2 <- lm( AdoptionSpeed ~ Type + Age + Gender + Color1 + Color2 + Color3 + MaturitySize + FurLength + Vaccinated + Dewormed + Sterilized + Health + Quantity + PhotoAmt + mixedbreed , data = pet)"
"0","summary(lmodel2)"
"1","
Call:
"
"1",""
"1","lm(formula = AdoptionSpeed ~ Type + Age + Gender + Color1 + Color2 + 
    Color3 + MaturitySize + FurLength + Vaccinated + Dewormed + 
    Sterilized + Health + Quantity + PhotoAmt + mixedbreed, data = pet)"
"1",""
"1","

"
"1",""
"1","Residuals:
"
"1","    Min "
"1","     1Q "
"1"," Median "
"1","     3Q "
"1","    Max "
"1","
"
"1","-3.4891 "
"1","-0.9103 "
"1","-0.0549 "
"1"," 0.9765 "
"1"," 2.6308 "
"1","
"
"1","
Coefficients:
"
"1","             "
"1","   Estimate"
"1"," Std. Error"
"1"," t value"
"1"," Pr(>|t|)"
"1","    "
"1","
(Intercept)  "
"1","  2.8246553"
"1","  0.0428612"
"1","  65.902"
"1","  < 2e-16"
"1"," ***"
"1","
Type2        "
"1"," -0.0758606"
"1","  0.0210297"
"1","  -3.607"
"1"," 0.000310"
"1"," ***"
"1","
Age          "
"1","  0.0035254"
"1","  0.0005823"
"1","   6.054"
"1"," 1.45e-09"
"1"," ***"
"1","
Gender2      "
"1","  0.1229402"
"1","  0.0204431"
"1","   6.014"
"1"," 1.85e-09"
"1"," ***"
"1","
Gender3      "
"1","  0.1109132"
"1","  0.0374330"
"1","   2.963"
"1"," 0.003052"
"1"," ** "
"1","
Color1       "
"1"," -0.0319534"
"1","  0.0057129"
"1","  -5.593"
"1"," 2.27e-08"
"1"," ***"
"1","
Color2       "
"1"," -0.0096279"
"1","  0.0035227"
"1","  -2.733"
"1"," 0.006282"
"1"," ** "
"1","
Color3       "
"1"," -0.0084589"
"1","  0.0034791"
"1","  -2.431"
"1"," 0.015054"
"1"," *  "
"1","
MaturitySize2"
"1","  0.1981788"
"1","  0.0230998"
"1","   8.579"
"1","  < 2e-16"
"1"," ***"
"1","
MaturitySize3"
"1","  0.0451375"
"1","  0.0383906"
"1","   1.176"
"1"," 0.239716"
"1","    "
"1","
MaturitySize4"
"1"," -0.3951723"
"1","  0.1986464"
"1","  -1.989"
"1"," 0.046684"
"1"," *  "
"1","
FurLength2   "
"1"," -0.1271582"
"1","  0.0199033"
"1","  -6.389"
"1"," 1.72e-10"
"1"," ***"
"1","
FurLength3   "
"1"," -0.5324631"
"1","  0.0425376"
"1"," -12.517"
"1","  < 2e-16"
"1"," ***"
"1","
Vaccinated2  "
"1"," -0.1538808"
"1","  0.0280904"
"1","  -5.478"
"1"," 4.37e-08"
"1"," ***"
"1","
Vaccinated3  "
"1"," -0.0733275"
"1","  0.0542463"
"1","  -1.352"
"1"," 0.176476"
"1","    "
"1","
Dewormed2    "
"1","  0.0410146"
"1","  0.0271159"
"1","   1.513"
"1"," 0.130411"
"1","    "
"1","
Dewormed3    "
"1","  0.0025151"
"1","  0.0546891"
"1","   0.046"
"1"," 0.963320"
"1","    "
"1","
Sterilized2  "
"1"," -0.4545188"
"1","  0.0271262"
"1"," -16.756"
"1","  < 2e-16"
"1"," ***"
"1","
Sterilized3  "
"1"," -0.1383261"
"1","  0.0399025"
"1","  -3.467"
"1"," 0.000529"
"1"," ***"
"1","
Health2      "
"1","  0.1774966"
"1","  0.0530894"
"1","   3.343"
"1"," 0.000830"
"1"," ***"
"1","
Health3      "
"1","  0.4621599"
"1","  0.1948028"
"1","   2.372"
"1"," 0.017683"
"1"," *  "
"1","
Quantity     "
"1","  0.0680599"
"1","  0.0083919"
"1","   8.110"
"1"," 5.44e-16"
"1"," ***"
"1","
PhotoAmt     "
"1"," -0.0089489"
"1","  0.0027261"
"1","  -3.283"
"1"," 0.001030"
"1"," ** "
"1","
mixedbreed1  "
"1"," -0.0685421"
"1","  0.0209084"
"1","  -3.278"
"1"," 0.001047"
"1"," ** "
"1","
"
"1","---
Signif. codes:  "
"1",""
"1","0 ‘***’ 0.001 ‘**’ 0.01 ‘*’ 0.05 ‘.’ 0.1 ‘ ’ 1"
"1","
"
"1","
Residual standard error:"
"1"," "
"1","1.132"
"1"," "
"1","on"
"1"," "
"1","14969"
"1"," "
"1","degrees of freedom"
"1","
"
"1","Multiple R-squared: "
"1"," "
"1","0.07712"
"1",",	Adjusted R-squared: "
"1"," "
"1","0.0757"
"1"," "
"1","
F-statistic:"
"1"," "
"1","54.38"
"1"," "
"1","on"
"1"," "
"1","23"
"1"," "
"1","and"
"1"," "
"1","14969"
"1"," "
"1","DF,  p-value:"
"1"," "
"1","< 2.2e-16"
"1","
"
"1","
"
